TEAM;Logo
IAE Volta;01_IAE Volta.png
ALSI;02_ALSI.png
IATAMET;03_IATAMET.png
IAFI FC;04_IAFI FC.png
APITPSDA;05_APITPSDA.png
ATM FC;06_ATM FC.png
IATL FC;07_IATL FC.png
TRITON FC;08_TRITON FC.png
MESIN FC;09_MESIN FC.png
ALKA FC;10_ALKA FC.png
IAFA ARS Medisa;11_IAFA ARS Medisa.png
IAGD FC;12_IAGD FC.png
IATGF FC;13_IATGF FC.png
AVANTI FC;14_AVANTI FC.png
IAAR;15_IAAR.png
IA-SBM;16_IA SBM.png
IAIF;17_IAIF.png
IAMA FC;18_IAMA FC.png
IAGL FC;19_IAGL FC.png
CHEERS FC;20_CHEERS FC.png
SITH RAYA FC;21_SITH RAYA FC.png
IAE Ampere;22_IAE Ampere.png
SKULLERS FC;23_SKULLERS FC.png
MADYA ALL STARS;24_MADYA ALL STARS.png